<beans>
	
	<bean id = "dataSource" class = "org.springframework.jdbc.datasource.DriverManagerDataSource">
		<property name="driverClassName"
			value="oracle.jdbc.driver.OracleDriver" />
		<property name="url" value="jdbc:oracle:thin:@localhost:1521:xe"/>
		<property name="username" value="hr" />
		<property name="password" value="HR" />
	</bean>

	<bean class="org.springframework.jdbc.core.JdbcTemplate"
		id="jdbcTemplate">
		<property name="dataSource" ref="dataSource" />
	</bean>

	<bean id="CustomerDAO" class="com.go4food.dao.CustomerDAO">
		<property name="JdbcTemplate" ref="jdbcTemplate" />
	</bean>
</beans>
    